sepal_length,sepal_width,petal_length,petal_width,target
6.687091688021685,4.1107314151801395,0.6435673744595144,0.5820767313558223,0
5.056744625645635,4.648861721320535,3.1068539646022866,0.4270055774276415,0
3.5008708630397676,5.522416914361584,0.050465766333108064,0.32692615307994444,0
0.7719998601655469,5.7634786601689925,-1.8468704906333309,1.4017917503003368,0
4.724449366979145,4.263950233086862,0.6173053956902308,0.34096330075112374,0
9.124675636024293,4.908239975201556,-0.13276632477592143,3.315958592469577,0
4.631483194808686,3.903797874243847,5.981367759846343,-0.07930083469600757,1
7.000152330066312,3.1555548271434994,3.803207725974718,2.8929183107226764,1
4.5437887029771975,-0.48448143435200475,6.294773075332301,1.7198088832984237,1
6.9555921584698615,4.182477711624673,4.4223523180049185,1.5284997543927104,1
6.154944721575519,5.049288546114509,2.932694958701876,2.2278087782702616,1
10.292119179496467,2.4458894868938783,3.4877472517928627,1.6366836646546872,1
7.910577022128292,3.342942602409609,8.295537577867641,2.464638487353603,2
5.859289631637209,3.758112546213904,5.386045142158117,1.9105996684060875,2
5.880656971581645,3.92558308635979,7.304491128771429,0.45436388028081054,2
6.908493305715982,3.7883369671362592,3.8474342622909847,2.6096824290464564,2
6.703403679304753,5.584281881531168,6.078723738647598,1.6066244684732045,2
6.911882936441504,3.2604491420933903,6.178143202986642,3.7160439595139128,2
